cumulative_return,annualized_return,annualized_vol,sharpe_ratio
13.853607977109382,0.34294417233270225,0.35613043343198747,0.9629735067227736
