cumulative_return,annualized_return,annualized_vol,sharpe_ratio
13.853607977109382,0.34294417233270225,0.3560532068381202,0.06340050531742034
